"","plotID","rich"
"1","BART_006","32"
"2","BART_024","22"
"3","BART_023","37"
"4","BART_001","42"
"5","BART_002","37"
"6","BART_004","32"
"7","BART_003","50"
"8","BART_012","42"
"9","BART_062","15"
"10","BART_015","28"
"11","BART_028","32"
"12","BART_007","27"
"13","BART_011","29"
"14","BART_018","37"
"15","BART_031","35"
"16","BART_066","26"
"17","BART_068","32"
"18","BART_029","34"
"19","BART_025","37"
"20","BART_013","33"
"21","BART_026","34"
"22","BART_019","57"
"23","BART_005","41"
"24","BART_032","49"
"25","BART_027","22"
"26","BART_010","29"
"27","BART_008","21"
"28","BART_079","33"
"29","BART_080","27"
"30","BART_030","23"
"31","BART_016","52"
"32","BART_071","45"
"33","BART_036","35"
"34","BART_040","60"
"35","BART_081","22"
"36","HARV_027","152"
"37","HARV_006","59"
"38","HARV_013","92"
"39","HARV_023","127"
"40","HARV_010","77"
"41","HARV_001","74"
"42","HARV_004","126"
"43","HARV_002","69"
"44","HARV_012","62"
"45","HARV_030","75"
"46","HARV_014","52"
"47","HARV_031","98"
"48","HARV_059","108"
"49","HARV_005","110"
"50","HARV_022","63"
"51","HARV_058","79"
"52","HARV_011","80"
"53","HARV_033","52"
"54","HARV_008","63"
"55","HARV_026","63"
"56","HARV_018","84"
"57","HARV_028","55"
"58","HARV_021","59"
"59","HARV_029","46"
"60","HARV_025","113"
"61","HARV_024","89"
"62","HARV_015","70"
"63","HARV_016","166"
"64","HARV_017","54"
"65","HARV_020","149"
"66","HARV_063","153"
"67","HARV_035","33"
"68","HARV_034","45"
"69","BLAN_013","98"
"70","BLAN_018","110"
"71","BLAN_032","121"
"72","BLAN_012","91"
"73","BLAN_015","133"
"74","BLAN_011","102"
"75","BLAN_004","151"
"76","BLAN_019","108"
"77","BLAN_006","130"
"78","BLAN_016","124"
"79","BLAN_003","106"
"80","BLAN_010","111"
"81","BLAN_008","138"
"82","BLAN_014","143"
"83","BLAN_031","81"
"84","BLAN_007","106"
"85","BLAN_001","90"
"86","BLAN_033","83"
"87","BLAN_017","105"
"88","BLAN_005","106"
"89","BLAN_009","92"
"90","BLAN_002","113"
"91","BLAN_020","86"
"92","BLAN_068","55"
"93","SCBI_023","112"
"94","SCBI_021","88"
"95","SCBI_019","96"
"96","SCBI_004","130"
"97","SCBI_043","133"
"98","SCBI_008","120"
"99","SCBI_022","125"
"100","SCBI_015","139"
"101","SCBI_002","143"
"102","SCBI_005","97"
"103","SCBI_016","170"
"104","SCBI_003","128"
"105","SCBI_017","107"
"106","SCBI_011","131"
"107","SCBI_013","156"
"108","SCBI_041","186"
"109","SCBI_067","101"
"110","SCBI_037","53"
"111","SCBI_034","122"
"112","SCBI_014","129"
"113","SCBI_018","108"
"114","SCBI_007","146"
"115","SCBI_010","124"
"116","SCBI_035","155"
"117","SCBI_039","126"
"118","SCBI_033","155"
"119","SCBI_040","106"
"120","SCBI_042","110"
"121","SCBI_006","128"
"122","SCBI_012","149"
"123","SCBI_038","174"
"124","SCBI_047","121"
"125","SCBI_045","129"
"126","SCBI_044","88"
"127","SERC_025","117"
"128","SERC_006","104"
"129","SERC_012","123"
"130","SERC_010","95"
"131","SERC_015","65"
"132","SERC_009","112"
"133","SERC_021","124"
"134","SERC_002","165"
"135","SERC_026","135"
"136","SERC_011","139"
"137","SERC_016","134"
"138","SERC_022","127"
"139","SERC_013","106"
"140","SERC_046","52"
"141","SERC_001","87"
"142","SERC_044","112"
"143","SERC_003","136"
"144","SERC_045","139"
"145","SERC_004","126"
"146","SERC_019","100"
"147","SERC_014","102"
"148","SERC_017","114"
"149","SERC_024","107"
"150","SERC_005","113"
"151","SERC_007","52"
"152","SERC_028","59"
"153","SERC_008","57"
"154","SERC_018","58"
"155","SERC_029","52"
"156","SERC_030","49"
"157","SERC_027","52"
"158","SERC_023","66"
"159","SERC_020","61"
"160","SERC_068","124"
"161","SERC_047","114"
"162","DSNY_010","170"
"163","DSNY_001","174"
"164","DSNY_034","127"
"165","DSNY_074","27"
"166","DSNY_039","25"
"167","DSNY_025","113"
"168","DSNY_037","113"
"169","DSNY_016","96"
"170","DSNY_005","114"
"171","DSNY_021","153"
"172","DSNY_022","114"
"173","DSNY_036","95"
"174","DSNY_038","36"
"175","DSNY_033","62"
"176","DSNY_008","136"
"177","DSNY_019","111"
"178","DSNY_002","113"
"179","DSNY_003","214"
"180","DSNY_014","150"
"181","DSNY_024","130"
"182","DSNY_017","171"
"183","DSNY_018","121"
"184","DSNY_007","187"
"185","DSNY_004","105"
"186","DSNY_020","137"
"187","DSNY_006","155"
"188","DSNY_027","112"
"189","DSNY_013","186"
"190","DSNY_012","147"
"191","DSNY_015","125"
"192","DSNY_009","101"
"193","DSNY_023","194"
"194","DSNY_042","255"
"195","DSNY_041","152"
"196","DSNY_035","51"
"197","DSNY_011","72"
"198","DSNY_031","62"
"199","DSNY_043","149"
"200","DSNY_026","116"
"201","JERC_002","258"
"202","JERC_009","272"
"203","JERC_013","292"
"204","JERC_021","212"
"205","JERC_003","301"
"206","JERC_011","249"
"207","JERC_005","264"
"208","JERC_008","271"
"209","JERC_001","294"
"210","JERC_006","265"
"211","JERC_035","221"
"212","JERC_004","137"
"213","JERC_012","109"
"214","JERC_016","218"
"215","JERC_007","271"
"216","JERC_034","185"
"217","JERC_014","149"
"218","JERC_031","211"
"219","JERC_010","280"
"220","JERC_022","257"
"221","JERC_048","254"
"222","JERC_029","187"
"223","JERC_030","283"
"224","JERC_036","280"
"225","JERC_033","222"
"226","JERC_028","218"
"227","JERC_049","237"
"228","JERC_019","289"
"229","JERC_015","210"
"230","JERC_018","102"
"231","JERC_020","126"
"232","JERC_017","206"
"233","JERC_047","323"
"234","OSBS_002","224"
"235","OSBS_003","105"
"236","OSBS_001","65"
"237","OSBS_022","56"
"238","OSBS_005","84"
"239","OSBS_006","154"
"240","OSBS_004","202"
"241","OSBS_007","180"
"242","OSBS_008","160"
"243","OSBS_010","71"
"244","OSBS_013","192"
"245","OSBS_009","107"
"246","OSBS_012","16"
"247","OSBS_015","68"
"248","OSBS_016","67"
"249","OSBS_023","26"
"250","OSBS_011","53"
"251","OSBS_017","44"
"252","OSBS_018","42"
"253","OSBS_020","66"
"254","OSBS_050","97"
"255","OSBS_051","94"
"256","OSBS_014","145"
"257","OSBS_024","10"
"258","OSBS_048","156"
"259","OSBS_021","44"
"260","OSBS_025","36"
"261","OSBS_027","152"
"262","OSBS_026","181"
"263","OSBS_029","95"
"264","OSBS_049","13"
"265","OSBS_019","27"
"266","OSBS_063","121"
"267","OSBS_072","52"
"268","OSBS_074","19"
"269","OSBS_065","33"
"270","OSBS_076","14"
"271","OSBS_071","41"
"272","OSBS_075","41"
"273","OSBS_068","38"
"274","OSBS_069","15"
"275","OSBS_070","33"
"276","OSBS_073","23"
"277","OSBS_066","33"
"278","OSBS_067","93"
"279","GUAN_043","100"
"280","GUAN_017","62"
"281","GUAN_002","90"
"282","GUAN_042","100"
"283","GUAN_048","87"
"284","GUAN_003","80"
"285","GUAN_007","80"
"286","GUAN_015","91"
"287","GUAN_013","66"
"288","GUAN_001","94"
"289","GUAN_022","77"
"290","GUAN_008","88"
"291","GUAN_021","101"
"292","GUAN_012","99"
"293","GUAN_014","94"
"294","GUAN_004","92"
"295","GUAN_005","87"
"296","GUAN_016","80"
"297","GUAN_018","106"
"298","GUAN_019","74"
"299","GUAN_006","128"
"300","GUAN_024","106"
"301","GUAN_009","95"
"302","GUAN_010","85"
"303","GUAN_020","88"
"304","GUAN_023","97"
"305","GUAN_011","83"
"306","LAJA_044","40"
"307","LAJA_046","40"
"308","LAJA_042","40"
"309","LAJA_004","36"
"310","LAJA_014","27"
"311","LAJA_016","35"
"312","LAJA_009","54"
"313","LAJA_027","35"
"314","LAJA_002","62"
"315","LAJA_018","78"
"316","LAJA_019","62"
"317","LAJA_022","56"
"318","LAJA_028","43"
"319","LAJA_023","49"
"320","LAJA_007","37"
"321","LAJA_024","24"
"322","LAJA_021","19"
"323","LAJA_029","66"
"324","LAJA_013","42"
"325","LAJA_012","32"
"326","LAJA_011","15"
"327","LAJA_006","33"
"328","LAJA_010","48"
"329","LAJA_008","46"
"330","LAJA_001","60"
"331","LAJA_003","42"
"332","LAJA_005","42"
"333","LAJA_017","50"
"334","LAJA_015","60"
"335","LAJA_026","114"
"336","LAJA_025","59"
"337","LAJA_030","70"
"338","LAJA_072","40"
"339","STEI_012","79"
"340","STEI_005","100"
"341","STEI_007","80"
"342","STEI_022","186"
"343","STEI_009","87"
"344","STEI_060","134"
"345","STEI_047","176"
"346","STEI_008","78"
"347","STEI_020","123"
"348","STEI_059","151"
"349","STEI_019","139"
"350","STEI_003","96"
"351","STEI_017","70"
"352","STEI_026","208"
"353","STEI_002","105"
"354","STEI_016","114"
"355","STEI_027","217"
"356","STEI_018","118"
"357","STEI_013","95"
"358","STEI_015","135"
"359","STEI_023","102"
"360","STEI_011","110"
"361","STEI_004","123"
"362","STEI_029","174"
"363","STEI_010","86"
"364","STEI_006","127"
"365","STEI_025","225"
"366","STEI_001","179"
"367","STEI_024","88"
"368","STEI_014","118"
"369","STEI_028","59"
"370","STEI_030","127"
"371","STEI_021","209"
"372","TREE_060","100"
"373","TREE_016","103"
"374","TREE_018","112"
"375","TREE_026","142"
"376","TREE_024","171"
"377","TREE_003","96"
"378","TREE_023","116"
"379","TREE_020","78"
"380","TREE_021","140"
"381","TREE_012","74"
"382","TREE_017","99"
"383","TREE_013","132"
"384","TREE_049","131"
"385","TREE_046","98"
"386","TREE_041","149"
"387","TREE_022","142"
"388","TREE_002","107"
"389","TREE_004","196"
"390","TREE_010","91"
"391","TREE_019","96"
"392","TREE_001","187"
"393","TREE_015","91"
"394","TREE_011","97"
"395","TREE_005","117"
"396","TREE_007","143"
"397","TREE_008","111"
"398","TREE_014","138"
"399","TREE_009","52"
"400","TREE_006","233"
"401","TREE_062","112"
"402","TREE_063","1"
"403","TREE_064","1"
"404","TREE_065","1"
"405","UNDE_013","97"
"406","UNDE_035","73"
"407","UNDE_003","216"
"408","UNDE_034","133"
"409","UNDE_014","114"
"410","UNDE_032","79"
"411","UNDE_010","152"
"412","UNDE_011","162"
"413","UNDE_002","86"
"414","UNDE_017","97"
"415","UNDE_012","180"
"416","UNDE_036","85"
"417","UNDE_001","157"
"418","UNDE_007","143"
"419","UNDE_018","28"
"420","UNDE_015","134"
"421","UNDE_008","124"
"422","UNDE_006","121"
"423","UNDE_020","143"
"424","UNDE_027","68"
"425","UNDE_030","126"
"426","UNDE_021","44"
"427","UNDE_029","134"
"428","UNDE_023","131"
"429","UNDE_022","36"
"430","UNDE_025","39"
"431","UNDE_028","118"
"432","UNDE_037","124"
"433","UNDE_016","174"
"434","UNDE_024","131"
"435","UNDE_043","135"
"436","UNDE_038","118"
"437","UNDE_077","71"
"438","UNDE_019","108"
"439","UNDE_044","49"
"440","KONA_022","90"
"441","KONA_003","32"
"442","KONA_001","27"
"443","KONA_015","25"
"444","KONA_023","14"
"445","KONA_019","20"
"446","KONA_057","24"
"447","KONA_008","45"
"448","KONA_048","28"
"449","KONA_054","26"
"450","KONA_014","33"
"451","KONA_013","29"
"452","KONA_004","25"
"453","KONA_010","26"
"454","KONA_006","49"
"455","KONA_016","13"
"456","KONA_018","23"
"457","KONA_007","22"
"458","KONA_020","20"
"459","KONA_028","17"
"460","KONA_027","18"
"461","KONA_021","27"
"462","KONA_009","37"
"463","KONA_025","11"
"464","KONA_011","40"
"465","KONA_026","34"
"466","KONA_012","32"
"467","KONA_017","47"
"468","KONA_002","33"
"469","KONA_005","33"
"470","KONA_029","6"
"471","KONA_030","29"
"472","KONA_032","14"
"473","KONA_035","21"
"474","KONA_024","37"
"475","KONZ_042","132"
"476","KONZ_045","134"
"477","KONZ_043","145"
"478","KONZ_006","152"
"479","KONZ_009","95"
"480","KONZ_014","75"
"481","KONZ_005","141"
"482","KONZ_013","65"
"483","KONZ_002","103"
"484","KONZ_022","101"
"485","KONZ_028","106"
"486","KONZ_001","75"
"487","KONZ_023","62"
"488","KONZ_003","175"
"489","KONZ_007","86"
"490","KONZ_020","75"
"491","KONZ_010","95"
"492","KONZ_012","133"
"493","KONZ_011","72"
"494","KONZ_025","134"
"495","KONZ_021","112"
"496","KONZ_016","113"
"497","KONZ_027","117"
"498","KONZ_008","137"
"499","KONZ_024","133"
"500","KONZ_030","119"
"501","KONZ_015","107"
"502","KONZ_017","152"
"503","KONZ_029","106"
"504","KONZ_019","81"
"505","KONZ_026","136"
"506","KONZ_018","135"
"507","KONZ_004","74"
"508","UKFS_043","100"
"509","UKFS_032","136"
"510","UKFS_031","113"
"511","UKFS_007","117"
"512","UKFS_004","173"
"513","UKFS_005","128"
"514","UKFS_010","118"
"515","UKFS_025","117"
"516","UKFS_009","129"
"517","UKFS_013","193"
"518","UKFS_026","117"
"519","UKFS_018","141"
"520","UKFS_002","88"
"521","UKFS_020","86"
"522","UKFS_001","93"
"523","UKFS_016","95"
"524","UKFS_023","73"
"525","UKFS_019","63"
"526","UKFS_006","107"
"527","UKFS_027","104"
"528","UKFS_011","80"
"529","UKFS_012","104"
"530","UKFS_008","82"
"531","UKFS_024","88"
"532","UKFS_014","100"
"533","UKFS_022","74"
"534","UKFS_015","139"
"535","UKFS_003","144"
"536","UKFS_028","80"
"537","UKFS_029","86"
"538","UKFS_030","72"
"539","UKFS_021","87"
"540","UKFS_017","154"
"541","GRSM_047","23"
"542","GRSM_048","78"
"543","GRSM_050","48"
"544","GRSM_026","53"
"545","GRSM_013","64"
"546","GRSM_006","101"
"547","GRSM_017","107"
"548","GRSM_002","33"
"549","GRSM_019","55"
"550","GRSM_001","106"
"551","GRSM_004","70"
"552","GRSM_014","98"
"553","GRSM_010","139"
"554","GRSM_023","93"
"555","GRSM_012","98"
"556","GRSM_003","77"
"557","GRSM_009","107"
"558","GRSM_008","108"
"559","GRSM_007","87"
"560","GRSM_015","133"
"561","GRSM_011","93"
"562","GRSM_022","50"
"563","GRSM_018","63"
"564","GRSM_020","137"
"565","GRSM_024","38"
"566","GRSM_005","47"
"567","GRSM_021","87"
"568","GRSM_027","41"
"569","GRSM_029","14"
"570","GRSM_028","21"
"571","GRSM_025","24"
"572","GRSM_016","28"
"573","GRSM_030","17"
"574","GRSM_058","125"
"575","GRSM_055","119"
"576","GRSM_059","74"
"577","GRSM_072","77"
"578","MLBS_063","61"
"579","MLBS_064","63"
"580","MLBS_061","58"
"581","MLBS_009","97"
"582","MLBS_003","58"
"583","MLBS_011","85"
"584","MLBS_012","60"
"585","MLBS_001","64"
"586","MLBS_002","77"
"587","MLBS_017","58"
"588","MLBS_005","70"
"589","MLBS_024","57"
"590","MLBS_010","78"
"591","MLBS_022","58"
"592","MLBS_031","35"
"593","MLBS_016","53"
"594","MLBS_019","85"
"595","MLBS_014","96"
"596","MLBS_015","83"
"597","MLBS_027","85"
"598","MLBS_029","82"
"599","MLBS_026","72"
"600","MLBS_013","63"
"601","MLBS_006","139"
"602","MLBS_020","75"
"603","MLBS_025","51"
"604","MLBS_030","85"
"605","MLBS_007","87"
"606","MLBS_008","94"
"607","MLBS_018","41"
"608","MLBS_023","74"
"609","MLBS_028","75"
"610","MLBS_021","65"
"611","MLBS_004","65"
"612","ORNL_031","91"
"613","ORNL_035","74"
"614","ORNL_002","89"
"615","ORNL_044","82"
"616","ORNL_021","82"
"617","ORNL_047","138"
"618","ORNL_048","73"
"619","ORNL_001","95"
"620","ORNL_003","130"
"621","ORNL_004","47"
"622","ORNL_018","133"
"623","ORNL_027","175"
"624","ORNL_008","82"
"625","ORNL_012","112"
"626","ORNL_015","117"
"627","ORNL_006","116"
"628","ORNL_040","158"
"629","ORNL_032","124"
"630","ORNL_033","152"
"631","ORNL_010","96"
"632","ORNL_036","64"
"633","ORNL_019","55"
"634","ORNL_041","116"
"635","ORNL_009","157"
"636","ORNL_007","120"
"637","ORNL_017","48"
"638","ORNL_014","128"
"639","ORNL_029","201"
"640","ORNL_049","118"
"641","ORNL_046","71"
"642","ORNL_067","63"
"643","ORNL_068","81"
"644","ORNL_053","84"
"645","ORNL_066","89"
"646","DELA_040","125"
"647","DELA_017","147"
"648","DELA_004","148"
"649","DELA_037","149"
"650","DELA_012","116"
"651","DELA_015","124"
"652","DELA_014","123"
"653","DELA_029","139"
"654","DELA_006","157"
"655","DELA_002","107"
"656","DELA_009","96"
"657","DELA_003","147"
"658","DELA_011","89"
"659","DELA_005","140"
"660","DELA_023","99"
"661","DELA_020","120"
"662","DELA_027","135"
"663","DELA_010","110"
"664","DELA_021","121"
"665","DELA_030","125"
"666","DELA_022","97"
"667","DELA_007","95"
"668","DELA_019","32"
"669","DELA_028","120"
"670","DELA_013","110"
"671","DELA_026","156"
"672","DELA_018","145"
"673","DELA_008","87"
"674","DELA_025","151"
"675","DELA_024","39"
"676","DELA_001","131"
"677","DELA_016","175"
"678","DELA_038","138"
"679","DELA_061","64"
"680","DELA_060","98"
"681","DELA_062","69"
"682","DELA_063","81"
"683","LENO_063","135"
"684","LENO_061","152"
"685","LENO_062","131"
"686","LENO_014","112"
"687","LENO_002","157"
"688","LENO_003","87"
"689","LENO_018","78"
"690","LENO_013","110"
"691","LENO_006","96"
"692","LENO_010","102"
"693","LENO_008","121"
"694","LENO_012","107"
"695","LENO_024","96"
"696","LENO_004","125"
"697","LENO_009","101"
"698","LENO_023","116"
"699","LENO_028","122"
"700","LENO_011","135"
"701","LENO_022","73"
"702","LENO_007","104"
"703","LENO_015","83"
"704","LENO_027","103"
"705","LENO_001","117"
"706","LENO_026","58"
"707","LENO_029","130"
"708","LENO_019","130"
"709","LENO_020","102"
"710","LENO_030","93"
"711","LENO_025","31"
"712","LENO_021","137"
"713","LENO_016","119"
"714","LENO_005","113"
"715","LENO_017","134"
"716","TALL_005","255"
"717","TALL_001","104"
"718","TALL_002","191"
"719","TALL_003","243"
"720","TALL_051","230"
"721","TALL_012","128"
"722","TALL_018","96"
"723","TALL_006","250"
"724","TALL_007","144"
"725","TALL_008","151"
"726","TALL_009","268"
"727","TALL_004","173"
"728","TALL_010","199"
"729","TALL_032","204"
"730","TALL_011","194"
"731","TALL_013","141"
"732","TALL_016","145"
"733","TALL_015","110"
"734","TALL_020","150"
"735","TALL_019","89"
"736","TALL_017","141"
"737","TALL_031","178"
"738","TALL_027","166"
"739","TALL_024","160"
"740","TALL_023","157"
"741","TALL_044","209"
"742","TALL_054","126"
"743","TALL_026","149"
"744","TALL_030","112"
"745","TALL_021","111"
"746","TALL_025","151"
"747","TALL_022","143"
"748","TALL_064","167"
"749","TALL_029","163"
"750","DCFS_004","123"
"751","DCFS_006","94"
"752","DCFS_014","77"
"753","DCFS_020","84"
"754","DCFS_007","140"
"755","DCFS_012","77"
"756","DCFS_016","99"
"757","DCFS_001","118"
"758","DCFS_015","88"
"759","DCFS_017","94"
"760","DCFS_008","112"
"761","DCFS_025","91"
"762","DCFS_022","68"
"763","DCFS_028","116"
"764","DCFS_030","85"
"765","DCFS_024","79"
"766","DCFS_003","123"
"767","DCFS_029","76"
"768","DCFS_019","45"
"769","DCFS_065","87"
"770","DCFS_026","89"
"771","DCFS_011","56"
"772","DCFS_005","90"
"773","DCFS_062","146"
"774","DCFS_027","91"
"775","DCFS_013","124"
"776","DCFS_018","89"
"777","DCFS_021","101"
"778","DCFS_010","84"
"779","DCFS_023","48"
"780","DCFS_002","85"
"781","DCFS_009","130"
"782","DCFS_063","127"
"783","NOGP_015","120"
"784","NOGP_005","76"
"785","NOGP_027","87"
"786","NOGP_023","100"
"787","NOGP_019","68"
"788","NOGP_029","53"
"789","NOGP_028","45"
"790","NOGP_008","81"
"791","NOGP_030","66"
"792","NOGP_014","74"
"793","NOGP_022","41"
"794","NOGP_009","90"
"795","NOGP_020","92"
"796","NOGP_024","67"
"797","NOGP_017","74"
"798","NOGP_041","90"
"799","NOGP_001","101"
"800","NOGP_006","77"
"801","NOGP_002","77"
"802","NOGP_003","77"
"803","NOGP_007","92"
"804","NOGP_062","89"
"805","NOGP_010","34"
"806","NOGP_012","72"
"807","NOGP_011","91"
"808","NOGP_013","94"
"809","NOGP_016","97"
"810","NOGP_021","60"
"811","NOGP_025","49"
"812","NOGP_018","63"
"813","NOGP_026","61"
"814","NOGP_064","69"
"815","NOGP_061","76"
"816","WOOD_007","68"
"817","WOOD_002","65"
"818","WOOD_017","80"
"819","WOOD_014","74"
"820","WOOD_012","46"
"821","WOOD_020","55"
"822","WOOD_005","57"
"823","WOOD_009","91"
"824","WOOD_010","66"
"825","WOOD_019","69"
"826","WOOD_006","88"
"827","WOOD_001","85"
"828","WOOD_011","69"
"829","WOOD_004","82"
"830","WOOD_016","69"
"831","WOOD_015","87"
"832","WOOD_018","94"
"833","WOOD_042","74"
"834","WOOD_013","72"
"835","WOOD_003","73"
"836","WOOD_029","89"
"837","WOOD_030","50"
"838","WOOD_024","59"
"839","WOOD_025","53"
"840","WOOD_023","69"
"841","WOOD_022","47"
"842","WOOD_008","70"
"843","WOOD_021","29"
"844","WOOD_043","80"
"845","WOOD_026","25"
"846","WOOD_027","24"
"847","WOOD_028","37"
"848","WOOD_044","67"
"849","CPER_056","24"
"850","CPER_066","26"
"851","CPER_049","35"
"852","CPER_052","40"
"853","CPER_057","39"
"854","CPER_072","32"
"855","CPER_070","33"
"856","CPER_060","28"
"857","CPER_053","28"
"858","CPER_059","35"
"859","CPER_045","63"
"860","CPER_064","34"
"861","CPER_047","81"
"862","CPER_063","28"
"863","CPER_067","24"
"864","CPER_065","34"
"865","CPER_050","32"
"866","CPER_005","102"
"867","CPER_010","108"
"868","CPER_001","85"
"869","CPER_007","98"
"870","CPER_009","88"
"871","CPER_002","98"
"872","CPER_004","89"
"873","CPER_003","94"
"874","CPER_006","65"
"875","CPER_008","82"
"876","CPER_025","95"
"877","CPER_041","30"
"878","CPER_017","109"
"879","CPER_034","36"
"880","CPER_020","113"
"881","CPER_035","25"
"882","CPER_030","102"
"883","CPER_031","40"
"884","CPER_040","28"
"885","CPER_039","36"
"886","CPER_018","89"
"887","CPER_013","99"
"888","CPER_024","100"
"889","CPER_027","82"
"890","CPER_019","105"
"891","CPER_022","83"
"892","CPER_014","104"
"893","CPER_037","42"
"894","CPER_028","84"
"895","CPER_033","38"
"896","CPER_023","88"
"897","CPER_012","110"
"898","CPER_029","93"
"899","CPER_036","33"
"900","CPER_021","79"
"901","CPER_015","112"
"902","CPER_026","100"
"903","CPER_011","99"
"904","CPER_016","79"
"905","CPER_061","22"
"906","CPER_046","71"
"907","CPER_062","20"
"908","CPER_073","22"
"909","CPER_055","18"
"910","CPER_068","24"
"911","CPER_069","20"
"912","CPER_074","19"
"913","CPER_071","23"
"914","CPER_058","29"
"915","CPER_048","18"
"916","CPER_051","22"
"917","CPER_054","25"
"918","CPER_038","27"
"919","RMNP_030","86"
"920","RMNP_016","81"
"921","RMNP_013","95"
"922","RMNP_028","18"
"923","RMNP_019","104"
"924","RMNP_014","44"
"925","RMNP_006","32"
"926","RMNP_011","108"
"927","RMNP_012","26"
"928","RMNP_021","23"
"929","RMNP_023","43"
"930","RMNP_026","44"
"931","RMNP_005","52"
"932","RMNP_008","47"
"933","RMNP_010","82"
"934","RMNP_004","35"
"935","RMNP_027","32"
"936","RMNP_001","44"
"937","RMNP_002","60"
"938","RMNP_020","64"
"939","RMNP_018","37"
"940","RMNP_024","35"
"941","RMNP_015","57"
"942","RMNP_009","72"
"943","RMNP_003","53"
"944","RMNP_022","68"
"945","RMNP_041","110"
"946","RMNP_017","58"
"947","RMNP_025","61"
"948","RMNP_007","47"
"949","RMNP_044","136"
"950","RMNP_043","109"
"951","RMNP_029","24"
"952","STER_006","42"
"953","STER_007","16"
"954","STER_027","48"
"955","STER_028","49"
"956","STER_026","52"
"957","STER_032","42"
"958","STER_029","61"
"959","STER_031","56"
"960","STER_016","41"
"961","STER_012","38"
"962","STER_011","36"
"963","CLBJ_003","142"
"964","CLBJ_002","160"
"965","CLBJ_001","160"
"966","CLBJ_036","143"
"967","CLBJ_042","73"
"968","CLBJ_051","75"
"969","CLBJ_037","99"
"970","CLBJ_034","136"
"971","CLBJ_039","123"
"972","CLBJ_035","94"
"973","CLBJ_050","130"
"974","CLBJ_033","154"
"975","CLBJ_043","113"
"976","CLBJ_038","138"
"977","CLBJ_041","105"
"978","CLBJ_044","96"
"979","CLBJ_040","49"
"980","CLBJ_045","140"
"981","CLBJ_046","98"
"982","CLBJ_032","134"
"983","CLBJ_054","116"
"984","CLBJ_049","116"
"985","CLBJ_031","152"
"986","CLBJ_052","90"
"987","CLBJ_053","101"
"988","CLBJ_047","157"
"989","CLBJ_058","31"
"990","CLBJ_055","88"
"991","CLBJ_057","38"
"992","CLBJ_060","97"
"993","CLBJ_056","36"
"994","CLBJ_059","118"
"995","CLBJ_048","104"
"996","OAES_013","160"
"997","OAES_042","132"
"998","OAES_001","180"
"999","OAES_044","170"
"1000","OAES_043","158"
"1001","OAES_005","117"
"1002","OAES_014","130"
"1003","OAES_010","128"
"1004","OAES_012","137"
"1005","OAES_008","87"
"1006","OAES_017","159"
"1007","OAES_021","137"
"1008","OAES_030","142"
"1009","OAES_004","152"
"1010","OAES_015","145"
"1011","OAES_025","164"
"1012","OAES_006","171"
"1013","OAES_002","163"
"1014","OAES_019","149"
"1015","OAES_016","135"
"1016","OAES_003","137"
"1017","OAES_022","172"
"1018","OAES_018","147"
"1019","OAES_029","140"
"1020","OAES_024","175"
"1021","OAES_009","151"
"1022","OAES_007","155"
"1023","OAES_028","123"
"1024","OAES_027","110"
"1025","OAES_020","109"
"1026","OAES_023","149"
"1027","OAES_011","112"
"1028","OAES_026","123"
"1029","YELL_006","109"
"1030","YELL_018","69"
"1031","YELL_002","95"
"1032","YELL_020","101"
"1033","YELL_016","110"
"1034","YELL_013","73"
"1035","YELL_046","161"
"1036","YELL_015","54"
"1037","YELL_004","138"
"1038","YELL_048","77"
"1039","YELL_011","90"
"1040","YELL_023","134"
"1041","YELL_051","129"
"1042","YELL_003","106"
"1043","YELL_010","70"
"1044","YELL_026","86"
"1045","YELL_001","69"
"1046","YELL_014","77"
"1047","YELL_008","85"
"1048","YELL_009","103"
"1049","YELL_029","9"
"1050","YELL_005","102"
"1051","YELL_012","75"
"1052","YELL_007","137"
"1053","YELL_021","70"
"1054","YELL_017","44"
"1055","YELL_019","55"
"1056","YELL_027","46"
"1057","YELL_024","70"
"1058","YELL_022","76"
"1059","YELL_025","47"
"1060","YELL_028","1"
"1061","YELL_030","1"
"1062","YELL_071","1"
"1063","MOAB_001","45"
"1064","MOAB_027","38"
"1065","MOAB_029","45"
"1066","MOAB_002","49"
"1067","MOAB_004","36"
"1068","MOAB_006","63"
"1069","MOAB_008","40"
"1070","MOAB_005","52"
"1071","MOAB_003","39"
"1072","MOAB_009","53"
"1073","MOAB_020","35"
"1074","MOAB_010","64"
"1075","MOAB_025","42"
"1076","MOAB_007","49"
"1077","MOAB_046","29"
"1078","MOAB_044","39"
"1079","MOAB_012","63"
"1080","MOAB_045","37"
"1081","MOAB_016","32"
"1082","MOAB_021","30"
"1083","MOAB_013","42"
"1084","MOAB_018","46"
"1085","MOAB_014","50"
"1086","MOAB_019","43"
"1087","MOAB_015","62"
"1088","MOAB_017","42"
"1089","MOAB_011","40"
"1090","MOAB_023","59"
"1091","MOAB_026","39"
"1092","MOAB_022","50"
"1093","MOAB_024","38"
"1094","MOAB_028","22"
"1095","MOAB_030","41"
"1096","MOAB_076","38"
"1097","NIWO_018","120"
"1098","NIWO_013","86"
"1099","NIWO_027","97"
"1100","NIWO_026","102"
"1101","NIWO_003","94"
"1102","NIWO_025","103"
"1103","NIWO_023","77"
"1104","NIWO_008","96"
"1105","NIWO_030","93"
"1106","NIWO_028","81"
"1107","NIWO_006","104"
"1108","NIWO_029","91"
"1109","NIWO_004","80"
"1110","NIWO_042","130"
"1111","NIWO_040","64"
"1112","NIWO_041","143"
"1113","NIWO_005","58"
"1114","NIWO_015","71"
"1115","NIWO_010","26"
"1116","NIWO_021","26"
"1117","NIWO_002","36"
"1118","NIWO_017","37"
"1119","NIWO_019","69"
"1120","NIWO_016","61"
"1121","NIWO_014","71"
"1122","NIWO_020","43"
"1123","NIWO_022","22"
"1124","NIWO_012","19"
"1125","NIWO_011","26"
"1126","NIWO_009","52"
"1127","NIWO_007","56"
"1128","NIWO_001","54"
"1129","NIWO_024","89"
"1130","JORN_008","51"
"1131","JORN_045","97"
"1132","JORN_044","102"
"1133","JORN_009","62"
"1134","JORN_042","94"
"1135","JORN_014","69"
"1136","JORN_005","82"
"1137","JORN_006","67"
"1138","JORN_015","66"
"1139","JORN_020","85"
"1140","JORN_019","92"
"1141","JORN_010","57"
"1142","JORN_001","50"
"1143","JORN_003","76"
"1144","JORN_002","52"
"1145","JORN_012","49"
"1146","JORN_016","64"
"1147","JORN_018","63"
"1148","JORN_011","57"
"1149","JORN_017","64"
"1150","JORN_030","72"
"1151","JORN_025","71"
"1152","JORN_029","61"
"1153","JORN_021","59"
"1154","JORN_026","69"
"1155","JORN_024","73"
"1156","JORN_007","50"
"1157","JORN_013","48"
"1158","JORN_004","41"
"1159","JORN_023","38"
"1160","JORN_027","58"
"1161","JORN_022","79"
"1162","JORN_028","73"
"1163","SRER_043","117"
"1164","SRER_047","99"
"1165","SRER_052","138"
"1166","SRER_002","193"
"1167","SRER_023","163"
"1168","SRER_025","142"
"1169","SRER_018","153"
"1170","SRER_017","152"
"1171","SRER_020","120"
"1172","SRER_001","135"
"1173","SRER_021","148"
"1174","SRER_007","165"
"1175","SRER_028","128"
"1176","SRER_015","151"
"1177","SRER_003","124"
"1178","SRER_022","129"
"1179","SRER_030","172"
"1180","SRER_014","158"
"1181","SRER_029","184"
"1182","SRER_016","166"
"1183","SRER_006","171"
"1184","SRER_004","172"
"1185","SRER_010","156"
"1186","SRER_027","180"
"1187","SRER_019","214"
"1188","SRER_008","182"
"1189","SRER_009","160"
"1190","SRER_011","220"
"1191","SRER_026","136"
"1192","SRER_012","184"
"1193","SRER_005","184"
"1194","SRER_024","112"
"1195","SRER_013","156"
"1196","ONAQ_019","47"
"1197","ONAQ_007","60"
"1198","ONAQ_030","57"
"1199","ONAQ_029","55"
"1200","ONAQ_025","84"
"1201","ONAQ_022","31"
"1202","ONAQ_023","74"
"1203","ONAQ_008","68"
"1204","ONAQ_015","32"
"1205","ONAQ_012","72"
"1206","ONAQ_005","42"
"1207","ONAQ_006","22"
"1208","ONAQ_021","45"
"1209","ONAQ_004","31"
"1210","ONAQ_003","39"
"1211","ONAQ_014","22"
"1212","ONAQ_002","35"
"1213","ONAQ_009","46"
"1214","ONAQ_027","39"
"1215","ONAQ_020","48"
"1216","ONAQ_017","101"
"1217","ONAQ_011","30"
"1218","ONAQ_041","26"
"1219","ONAQ_042","24"
"1220","ONAQ_043","37"
"1221","ONAQ_016","39"
"1222","ONAQ_018","33"
"1223","ONAQ_024","21"
"1224","ONAQ_026","30"
"1225","ONAQ_073","46"
"1226","ONAQ_028","55"
"1227","ONAQ_031","61"
"1228","ONAQ_010","67"
"1229","ONAQ_032","34"
"1230","ABBY_070","104"
"1231","ABBY_061","89"
"1232","ABBY_001","67"
"1233","ABBY_002","72"
"1234","ABBY_063","88"
"1235","ABBY_011","101"
"1236","ABBY_013","107"
"1237","ABBY_012","69"
"1238","ABBY_018","78"
"1239","ABBY_007","87"
"1240","ABBY_008","53"
"1241","ABBY_010","70"
"1242","ABBY_017","108"
"1243","ABBY_028","94"
"1244","ABBY_023","93"
"1245","ABBY_026","71"
"1246","ABBY_022","83"
"1247","ABBY_006","55"
"1248","ABBY_024","75"
"1249","ABBY_016","33"
"1250","ABBY_027","109"
"1251","ABBY_021","62"
"1252","ABBY_019","93"
"1253","ABBY_025","60"
"1254","ABBY_029","70"
"1255","ABBY_014","56"
"1256","ABBY_015","75"
"1257","ABBY_020","84"
"1258","ABBY_005","118"
"1259","ABBY_030","56"
"1260","ABBY_004","106"
"1261","ABBY_003","90"
"1262","ABBY_009","114"
"1263","ABBY_077","65"
"1264","WREF_072","57"
"1265","WREF_070","61"
"1266","WREF_071","63"
"1267","WREF_012","64"
"1268","WREF_009","36"
"1269","WREF_023","43"
"1270","WREF_011","40"
"1271","WREF_010","42"
"1272","WREF_017","49"
"1273","WREF_016","49"
"1274","WREF_008","37"
"1275","WREF_027","32"
"1276","WREF_001","36"
"1277","WREF_026","26"
"1278","WREF_004","51"
"1279","WREF_020","46"
"1280","WREF_022","27"
"1281","WREF_013","42"
"1282","WREF_015","41"
"1283","WREF_019","27"
"1284","WREF_003","41"
"1285","WREF_002","30"
"1286","WREF_007","37"
"1287","WREF_014","40"
"1288","WREF_028","42"
"1289","WREF_024","25"
"1290","WREF_006","63"
"1291","WREF_029","53"
"1292","WREF_005","39"
"1293","WREF_018","37"
"1294","WREF_030","30"
"1295","WREF_021","39"
"1296","WREF_025","50"
"1297","SJER_045","99"
"1298","SJER_046","74"
"1299","SJER_047","92"
"1300","SJER_014","63"
"1301","SJER_012","72"
"1302","SJER_016","61"
"1303","SJER_015","57"
"1304","SJER_027","60"
"1305","SJER_022","83"
"1306","SJER_002","58"
"1307","SJER_028","68"
"1308","SJER_023","56"
"1309","SJER_006","67"
"1310","SJER_013","79"
"1311","SJER_029","68"
"1312","SJER_024","65"
"1313","SJER_004","99"
"1314","SJER_021","58"
"1315","SJER_007","75"
"1316","SJER_008","94"
"1317","SJER_018","57"
"1318","SJER_026","50"
"1319","SJER_001","55"
"1320","SJER_019","39"
"1321","SJER_003","84"
"1322","SJER_009","58"
"1323","SJER_005","74"
"1324","SJER_011","63"
"1325","SJER_030","50"
"1326","SJER_017","58"
"1327","SJER_010","73"
"1328","SJER_020","42"
"1329","SJER_025","84"
"1330","SOAP_044","48"
"1331","SOAP_031","92"
"1332","SOAP_003","85"
"1333","SOAP_010","42"
"1334","SOAP_043","65"
"1335","SOAP_007","60"
"1336","SOAP_006","89"
"1337","SOAP_008","74"
"1338","SOAP_030","38"
"1339","SOAP_024","22"
"1340","SOAP_027","89"
"1341","SOAP_012","54"
"1342","SOAP_013","92"
"1343","SOAP_016","46"
"1344","SOAP_017","61"
"1345","SOAP_019","43"
"1346","SOAP_018","31"
"1347","SOAP_028","29"
"1348","SOAP_021","22"
"1349","SOAP_005","31"
"1350","SOAP_026","58"
"1351","SOAP_023","36"
"1352","SOAP_025","104"
"1353","SOAP_029","28"
"1354","SOAP_004","36"
"1355","SOAP_011","99"
"1356","SOAP_001","58"
"1357","SOAP_009","105"
"1358","SOAP_020","54"
"1359","SOAP_014","36"
"1360","SOAP_022","27"
"1361","SOAP_015","44"
"1362","SOAP_002","114"
"1363","TEAK_011","51"
"1364","TEAK_043","65"
"1365","TEAK_012","36"
"1366","TEAK_045","44"
"1367","TEAK_029","54"
"1368","TEAK_003","31"
"1369","TEAK_027","29"
"1370","TEAK_030","44"
"1371","TEAK_004","43"
"1372","TEAK_010","39"
"1373","TEAK_007","52"
"1374","TEAK_028","47"
"1375","TEAK_006","29"
"1376","TEAK_001","16"
"1377","TEAK_002","22"
"1378","TEAK_005","12"
"1379","TEAK_013","52"
"1380","TEAK_017","41"
"1381","TEAK_009","15"
"1382","TEAK_014","63"
"1383","TEAK_022","19"
"1384","TEAK_015","35"
"1385","TEAK_019","15"
"1386","TEAK_018","14"
"1387","TEAK_024","39"
"1388","TEAK_021","44"
"1389","TEAK_008","29"
"1390","TEAK_044","55"
"1391","TEAK_023","24"
"1392","TEAK_025","31"
"1393","TEAK_026","36"
"1394","TEAK_016","28"
"1395","TEAK_020","16"
"1396","BARR_024","38"
"1397","BARR_006","35"
"1398","BARR_052","24"
"1399","BARR_051","39"
"1400","BARR_002","41"
"1401","BARR_009","49"
"1402","BARR_005","55"
"1403","BARR_053","25"
"1404","BARR_022","47"
"1405","BARR_001","29"
"1406","BARR_029","13"
"1407","BARR_017","52"
"1408","BARR_018","28"
"1409","BARR_014","48"
"1410","BARR_027","13"
"1411","BARR_011","23"
"1412","BARR_028","43"
"1413","BARR_007","25"
"1414","BARR_008","32"
"1415","BARR_030","38"
"1416","BARR_020","38"
"1417","BARR_023","51"
"1418","BARR_012","43"
"1419","BARR_025","27"
"1420","BARR_015","26"
"1421","BARR_004","58"
"1422","BARR_016","36"
"1423","BARR_032","40"
"1424","BARR_019","35"
"1425","BARR_003","9"
"1426","BARR_026","17"
"1427","BARR_013","54"
"1428","BARR_021","39"
"1429","TOOL_071","36"
"1430","TOOL_041","75"
"1431","TOOL_018","89"
"1432","TOOL_042","29"
"1433","TOOL_043","28"
"1434","TOOL_002","31"
"1435","TOOL_023","52"
"1436","TOOL_019","62"
"1437","TOOL_013","30"
"1438","TOOL_006","46"
"1439","TOOL_008","51"
"1440","TOOL_022","29"
"1441","TOOL_012","33"
"1442","TOOL_027","103"
"1443","TOOL_014","53"
"1444","TOOL_024","45"
"1445","TOOL_021","60"
"1446","TOOL_005","24"
"1447","TOOL_032","103"
"1448","TOOL_011","67"
"1449","TOOL_028","46"
"1450","TOOL_009","39"
"1451","TOOL_007","71"
"1452","TOOL_017","47"
"1453","TOOL_029","41"
"1454","TOOL_001","37"
"1455","TOOL_010","37"
"1456","TOOL_003","90"
"1457","TOOL_026","40"
"1458","TOOL_004","28"
"1459","TOOL_020","82"
"1460","TOOL_016","27"
"1461","TOOL_086","38"
"1462","BONA_008","27"
"1463","BONA_005","26"
"1464","BONA_030","38"
"1465","BONA_029","33"
"1466","BONA_003","34"
"1467","BONA_028","35"
"1468","BONA_014","25"
"1469","BONA_022","26"
"1470","BONA_019","25"
"1471","BONA_026","29"
"1472","BONA_015","29"
"1473","BONA_007","23"
"1474","BONA_023","26"
"1475","BONA_021","36"
"1476","BONA_025","26"
"1477","BONA_020","29"
"1478","BONA_018","33"
"1479","BONA_011","29"
"1480","BONA_002","18"
"1481","BONA_024","38"
"1482","BONA_009","40"
"1483","BONA_012","26"
"1484","BONA_017","32"
"1485","BONA_027","25"
"1486","BONA_013","32"
"1487","BONA_006","32"
"1488","BONA_016","30"
"1489","BONA_001","28"
"1490","BONA_080","28"
"1491","BONA_010","35"
"1492","BONA_004","26"
"1493","BONA_070","25"
"1494","BONA_071","24"
"1495","DEJU_045","51"
"1496","DEJU_046","62"
"1497","DEJU_047","71"
"1498","DEJU_021","58"
"1499","DEJU_030","43"
"1500","DEJU_028","71"
"1501","DEJU_015","61"
"1502","DEJU_026","34"
"1503","DEJU_012","55"
"1504","DEJU_013","27"
"1505","DEJU_020","60"
"1506","DEJU_014","99"
"1507","DEJU_006","65"
"1508","DEJU_018","45"
"1509","DEJU_023","37"
"1510","DEJU_010","45"
"1511","DEJU_009","48"
"1512","DEJU_016","36"
"1513","DEJU_003","64"
"1514","DEJU_007","64"
"1515","DEJU_004","55"
"1516","DEJU_017","27"
"1517","DEJU_005","69"
"1518","DEJU_027","25"
"1519","DEJU_025","45"
"1520","DEJU_024","39"
"1521","DEJU_001","67"
"1522","DEJU_019","50"
"1523","DEJU_011","54"
"1524","DEJU_022","59"
"1525","DEJU_029","65"
"1526","DEJU_008","53"
"1527","DEJU_002","60"
"1528","DEJU_067","43"
"1529","HEAL_014","50"
"1530","HEAL_010","64"
"1531","HEAL_045","22"
"1532","HEAL_021","36"
"1533","HEAL_016","43"
"1534","HEAL_029","55"
"1535","HEAL_023","39"
"1536","HEAL_046","37"
"1537","HEAL_011","47"
"1538","HEAL_024","46"
"1539","HEAL_047","33"
"1540","HEAL_019","31"
"1541","HEAL_008","24"
"1542","HEAL_007","20"
"1543","HEAL_004","57"
"1544","HEAL_006","25"
"1545","HEAL_025","56"
"1546","HEAL_012","21"
"1547","HEAL_018","27"
"1548","HEAL_017","50"
"1549","HEAL_027","58"
"1550","HEAL_028","61"
"1551","HEAL_002","21"
"1552","HEAL_020","55"
"1553","HEAL_005","28"
"1554","HEAL_022","24"
"1555","HEAL_001","29"
"1556","HEAL_009","22"
"1557","HEAL_013","29"
"1558","HEAL_003","30"
"1559","HEAL_026","24"
"1560","HEAL_077","39"
"1561","HEAL_015","27"
"1562","PUUM_006","59"
"1563","PUUM_020","42"
"1564","PUUM_008","31"
"1565","PUUM_010","55"
"1566","PUUM_017","47"
"1567","PUUM_011","32"
"1568","PUUM_013","34"
"1569","PUUM_002","30"
"1570","PUUM_014","54"
"1571","PUUM_003","38"
"1572","PUUM_012","38"
"1573","PUUM_001","52"
"1574","PUUM_009","45"
"1575","PUUM_018","44"
"1576","PUUM_005","43"
"1577","PUUM_015","56"
"1578","PUUM_016","65"
"1579","PUUM_019","74"
"1580","PUUM_004","70"
"1581","PUUM_007","63"
"1582","PUUM_031","45"
"1583","PUUM_032","36"
"1584","PUUM_034","47"
"1585","PUUM_042","52"
